"cId","cName","cGender","cAge","cPhone","cMarried","cIndustry"
"cid00001","SLOAN",1.00,30.83,904971160,1,"Industrials"
"cid00002","ANTON",0.00,58.67,985839256,1,"Materials"
"cid00003","MADELYN",0.00,24.50,965628098,1,"Materials"
"cid00004","RAELYN",1.00,27.83,996186256,1,"Industrials"
"cid00005","ROSALIE",1.00,20.17,944980949,1,"Industrials"
"cid00006","LAILA",1.00,32.08,945969694,1,"CommunicationServices"
"cid00007","ALEXA",1.00,33.17,965139383,1,"Transport"
"cid00008","WINNIE",0.00,22.92,948286542,1,"InformationTechnology"
"cid00009","ANGELA",1.00,54.42,966243152,0,"Financials"
"cid00010","JUNE",1.00,42.50,909997268,0,"Industrials"
"cid00011","MATILDA",1.00,22.08,998345065,1,"Energy"
"cid00012","JAIDEN",1.00,29.92,900816990,1,"Energy"
"cid00013","CLEO",0.00,38.25,903926415,1,"Financials"
"cid00014","KIERA",1.00,48.08,900742502,1,"Financials"
"cid00015","KAYLEIGH",0.00,45.83,983804959,1,"Materials"
"cid00016","WAYNE",1.00,36.67,966270136,0,"Financials"
"cid00017","KIERA",1.00,28.25,980060344,1,"CommunicationServices"
"cid00018","EVERETT",0.00,23.25,944250425,1,"Materials"
"cid00019","ESTELLE",1.00,21.83,948668969,1,"Real Estate"
"cid00020","PAULA",0.00,19.17,940909567,1,"InformationTechnology"
"cid00021","JONATHAN",1.00,25.00,996703924,1,"Energy"
"cid00022","NELSON",1.00,23.25,964486461,1,"Energy"
"cid00023","MARTIN",0.00,47.75,991485313,1,"Energy"
"cid00024","ADRIANA",0.00,27.42,950703224,1,"Utilities"
"cid00025","JOHNNY",0.00,41.17,999463877,1,"Materials"
"cid00026","IVAN",0.00,15.83,990510594,1,"Energy"
"cid00027","GREY",0.00,47.00,985571627,1,"ConsumerDiscretionary"
"cid00028","BROCK",1.00,56.58,908952050,1,"Real Estate"
"cid00029","TATUM",1.00,57.42,962429128,1,"Education"
"cid00030","TONY",1.00,42.08,995142571,1,"Industrials"
"cid00031","NATALIE",1.00,29.25,967710670,1,"ConsumerStaples"
"cid00032","ASHLYNN",1.00,42.00,984243746,1,"Utilities"
"cid00033","ROSA",1.00,49.50,981316729,1,"ConsumerDiscretionary"
"cid00034","COHEN",0.00,36.75,945007751,1,"Education"
"cid00035","COHEN",0.00,22.58,977052805,1,"Materials"
"cid00036","MARIAH",1.00,27.83,992567656,1,"Industrials"
"cid00037","LUCIAN",1.00,27.25,903660119,1,"InformationTechnology"
"cid00038","ASHLYNN",0.00,23.00,978125239,1,"Utilities"
"cid00039","JAZMINE",1.00,27.75,990332189,0,"InformationTechnology"
"cid00040","RYLAN",1.00,54.58,907649384,1,"Healthcare"
"cid00041","ROY",1.00,34.17,985123674,1,"Energy"
"cid00042","MELINA",1.00,28.92,900177589,1,"Energy"
"cid00043","JERICHO",1.00,29.67,990219187,1,"Industrials"
"cid00044","RICKY",1.00,39.58,997292734,1,"Industrials"
"cid00045","ANGIE",1.00,56.42,978200127,0,"Energy"
"cid00046","BRISTOL",1.00,54.33,941521338,1,"Energy"
"cid00047","CASH",0.00,41.00,978486132,0,"Materials"
"cid00048","ANNALEE",1.00,31.92,901899064,1,"InformationTechnology"
"cid00049","BENTLEY",1.00,41.50,948060388,1,"ConsumerDiscretionary"
"cid00050","THEA",1.00,23.92,992902148,1,"Energy"
"cid00051","BRENNAN",0.00,25.75,901743077,1,"Energy"
"cid00052","EDISON",1.00,26.00,979729897,1,"Materials"
"cid00053","CLAIRE",1.00,37.42,962665734,1,"Industrials"
"cid00054","AURORA",1.00,34.92,992466703,1,"Industrials"
"cid00055","KYLEE",1.00,34.25,978538143,1,"InformationTechnology"
"cid00056","LANE",1.00,23.33,957259883,0,"Industrials"
"cid00057","CEDRIC",1.00,23.17,942455925,1,"InformationTechnology"
"cid00058","AMBROSE",1.00,44.33,947574705,1,"ConsumerDiscretionary"
"cid00059","KYLER",1.00,35.17,962379844,1,"Utilities"
"cid00060","TIFFANY",1.00,43.25,966890916,1,"Materials"
"cid00061","FELIX",1.00,56.75,942333850,1,"CommunicationServices"
"cid00062","CARLY",1.00,31.67,962076253,1,"Real Estate"
"cid00063","KHLOE",0.00,23.42,908383309,0,"Materials"
"cid00064","OTTO",0.00,20.42,962099068,1,"Materials"
"cid00065","LUNA",1.00,26.67,964046905,1,"InformationTechnology"
"cid00066","DESIREE",1.00,34.17,944048968,1,"InformationTechnology"
"cid00067","MERCY",0.00,36.00,996685095,1,"Energy"
"cid00068","JACKSON",1.00,25.50,908562639,1,"CommunicationServices"
"cid00069","BISHOP",1.00,19.42,940049946,1,"Industrials"
"cid00070","ELIZABETH",1.00,35.17,985961490,1,"Utilities"
"cid00071","CARMEN",1.00,32.33,905571094,1,"Education"
"cid00072","STEPHANIE",1.00,34.83,905024763,1,"Real Estate"
"cid00073","BROOKE",0.00,38.58,942225672,1,"InformationTechnology"
"cid00074","JUNE",1.00,44.25,985422198,1,"CommunicationServices"
"cid00075","KARTER",1.00,44.83,944937388,0,"Energy"
"cid00076","AZALEA",1.00,20.67,966183621,1,"Materials"
"cid00077","ELAINA",1.00,34.08,907307252,1,"ConsumerStaples"
"cid00078","ARIANNA",0.00,19.17,997529037,0,"ConsumerStaples"
"cid00079","QUENTIN",1.00,21.67,949254298,0,"Financials"
"cid00080","LILLIANA",1.00,21.50,905830098,1,"Energy"
"cid00081","AUBRIE",1.00,49.58,962595309,1,"Healthcare"
"cid00082","JACE",0.00,27.67,946357670,1,"CommunicationServices"
"cid00083","MICHELLE",1.00,39.83,903580488,1,"CommunicationServices"
"cid00084","ALEXIA",0.00,28.46,945043040,1,"Real Estate"
"cid00085","SIMONE",1.00,27.25,976029400,1,"ConsumerStaples"
"cid00086","OPHELIA",1.00,37.17,950724395,1,"Energy"
"cid00087","ELI",1.00,28.46,990167454,1,"Real Estate"
"cid00088","KINGSTON",1.00,25.67,996341140,0,"ConsumerStaples"
"cid00089","AMBER",1.00,34.00,979856875,1,"ConsumerStaples"
"cid00090","GRIFFIN",0.00,49.00,979384471,1,"Research"
"cid00091","MIKE",1.00,62.50,985581386,0,"Energy"
"cid00092","CAYDEN",1.00,31.42,980599598,1,"Energy"
"cid00093","JAYCE",1.00,28.46,951503244,0,"ConsumerStaples"
"cid00094","KENNY",1.00,52.33,962260164,0,"Energy"
"cid00095","BISHOP",1.00,28.75,940938974,0,"Energy"
"cid00096","EMMALYN",0.00,28.58,957836368,1,"ConsumerDiscretionary"
"cid00097","LUCIAN",1.00,23.00,998737326,0,"ConsumerStaples"
"cid00098","AILEEN",1.00,28.46,984545772,1,"Energy"
"cid00099","CECELIA",0.00,22.50,942096352,0,"Materials"
"cid00100","STERLING",0.00,28.50,978062312,1,"Materials"
"cid00101","ANDREA",1.00,37.50,999022821,0,"Energy"
"cid00102","JACK",1.00,35.25,980249573,0,"Energy"
"cid00103","DARIUS",1.00,18.67,951137007,1,"Materials"
"cid00104","ELIJAH",1.00,25.00,907759039,1,"Financials"
"cid00105","ANNIE",1.00,27.83,997851688,0,"ConsumerDiscretionary"
"cid00106","RAEGAN",1.00,54.83,959466230,1,"Education"
"cid00107","ZAVIER",1.00,28.75,950674932,1,"Financials"
"cid00108","JAXX",0.00,25.00,905261027,0,"ConsumerStaples"
"cid00109","MALLORY",1.00,40.92,942639726,0,"Utilities"
"cid00110","OZZY",0.00,19.75,905369081,1,"Energy"
"cid00111","DAVINA",1.00,29.17,994983142,1,"Industrials"
"cid00112","STERLING",0.00,24.50,944645041,0,"Healthcare"
"cid00113","JEREMIAH",1.00,24.58,905951610,1,"Industrials"
"cid00114","LACEY",0.00,33.75,964088597,1,"Financials"
"cid00115","JAYCE",1.00,20.67,945237964,0,"Energy"
"cid00116","ABIGAIL",0.00,25.42,909589970,1,"Materials"
"cid00117","SABRINA",1.00,37.75,907660361,1,"Materials"
"cid00118","FREYA",1.00,52.50,966869825,1,"Financials"
"cid00119","AUTUMN",1.00,57.83,908217775,1,"CommunicationServices"
"cid00120","MERCY",0.00,20.75,962104338,1,"InformationTechnology"
"cid00121","WYATT",1.00,39.92,996955033,1,"Materials"
"cid00122","CAYDEN",1.00,25.67,967298663,1,"InformationTechnology"
"cid00123","JADEN",0.00,24.75,984919915,1,"ConsumerStaples"
"cid00124","BREANNA",0.00,44.17,902156010,1,"Materials"
"cid00125","PHILLIP",0.00,23.50,946900744,1,"Materials"
"cid00126","BRANTLEY",1.00,34.92,966703907,1,"Utilities"
"cid00127","CLARA",1.00,47.67,943845372,1,"CommunicationServices"
"cid00128","CAMRON",1.00,22.75,980642789,1,"Materials"
"cid00129","FORD",1.00,34.42,959248501,1,"ConsumerDiscretionary"
"cid00130","KARA",0.00,28.42,981090733,1,"Industrials"
"cid00131","WALLACE",1.00,67.75,979220479,1,"Education"
"cid00132","EVE",1.00,20.42,981091404,1,"Energy"
"cid00133","NINA",0.00,47.42,990998321,1,"Education"
"cid00134","BROOKLYN",1.00,36.25,941986052,1,"Energy"
"cid00135","FORREST",1.00,32.67,949046917,1,"Materials"
"cid00136","LANDEN",1.00,48.58,964263241,1,"Materials"
"cid00137","EDEN",1.00,39.92,998696903,0,"ConsumerStaples"
"cid00138","HAZEL",1.00,33.58,981482143,1,"CommunicationServices"
"cid00139","BRIAN",0.00,18.83,974290182,1,"Industrials"
"cid00140","ALISHA",0.00,26.92,940746370,1,"Materials"
"cid00141","PHILIP",0.00,31.25,942989398,1,"InformationTechnology"
"cid00142","RAELYNN",0.00,56.50,900919965,1,"Research"
"cid00143","HAROLD",1.00,43.00,991919022,0,"InformationTechnology"
"cid00144","RACHEL",1.00,22.33,975356103,1,"Industrials"
"cid00145","LANDON",1.00,27.25,906707140,1,"InformationTechnology"
"cid00146","KALEB",1.00,32.83,975590618,1,"InformationTechnology"
"cid00147","TRINITY",1.00,23.25,979316087,1,"Materials"
"cid00148","ZOE",0.00,40.33,976682612,0,"Materials"
"cid00149","GABRIELLE",0.00,30.50,942159047,1,"Energy"
"cid00150","MAXINE",0.00,52.83,949742947,1,"Energy"
"cid00151","MARLEY",0.00,46.67,997014467,1,"InformationTechnology"
"cid00152","EDITH",0.00,58.33,909396339,1,"Materials"
"cid00153","ELLE",1.00,37.33,900827998,1,"CommunicationServices"
"cid00154","CASSIDY",1.00,23.08,902616430,1,"Energy"
"cid00155","LEONARD",1.00,32.75,984833918,1,"InformationTechnology"
"cid00156","BRISTOL",0.00,21.67,905160097,0,"Research"
"cid00157","ELEANORA",0.00,28.50,964346477,0,"Utilities"
"cid00158","ADRIANA",0.00,68.67,997647779,1,"Education"
"cid00159","ANSLEY",1.00,28.00,983091905,1,"Financials"
"cid00160","SAMUEL",1.00,34.08,906239910,0,"CommunicationServices"
"cid00161","JOEY",1.00,27.67,974441644,1,"Utilities"
"cid00162","JAYLENE",1.00,44.00,969496041,1,"CommunicationServices"
"cid00163","MARSHALL",1.00,25.08,909962767,1,"Utilities"
"cid00164","LEROY",1.00,32.00,991031464,0,"Education"
"cid00165","RAY",0.00,60.58,945642470,1,"Materials"
"cid00166","KARSON",0.00,40.83,944983103,1,"Materials"
"cid00167","JASMINE",1.00,19.33,997124164,1,"Materials"
"cid00168","ELIZA",0.00,32.33,945918149,1,"InformationTechnology"
"cid00169","MAURICE",1.00,36.67,901748755,1,"Materials"
"cid00170","VERA",1.00,37.50,908426329,0,"Real Estate"
"cid00171","WILSON",0.00,25.08,948770734,0,"ConsumerStaples"
"cid00172","BROOKE",1.00,41.33,967115221,1,"Energy"
"cid00173","FLORA",1.00,56.00,907564212,1,"Financials"
"cid00174","MONICA",0.00,49.83,998724246,1,"Financials"
"cid00175","FLORA",1.00,22.67,999676136,1,"Materials"
"cid00176","ALEAH",1.00,27.00,962087744,0,"Industrials"
"cid00177","REGINALD",1.00,25.00,994986548,1,"ConsumerStaples"
"cid00178","CHANDLER",0.00,26.08,993678726,1,"ConsumerStaples"
"cid00179","JULIA",0.00,18.42,949399544,1,"Materials"
"cid00180","INDIE",1.00,20.17,980976763,1,"ConsumerStaples"
"cid00181","LAYTON",1.00,47.67,996296421,1,"Energy"
"cid00182","RYAN",0.00,21.25,992390540,1,"ConsumerDiscretionary"
"cid00183","BONNIE",0.00,20.67,973835011,1,"Materials"
"cid00184","GORDON",0.00,57.08,962951506,1,"Energy"
"cid00185","WILLIAM",0.00,22.42,901948188,1,"Materials"
"cid00186","SUSAN",1.00,48.75,985149007,1,"Energy"
"cid00187","ALEC",1.00,40.00,975860871,1,"ConsumerStaples"
"cid00188","REGINALD",1.00,40.58,993480427,1,"Energy"
"cid00189","EMMALYN",0.00,28.67,908141440,1,"Energy"
"cid00190","CARL",0.00,33.08,946337289,1,"Materials"
"cid00191","KAYLIE",1.00,21.33,991540553,1,"Energy"
"cid00192","PIPER",1.00,42.00,978252986,1,"ConsumerDiscretionary"
"cid00193","GEORGIA",1.00,41.75,998600460,1,"Utilities"
"cid00194","GEMMA",1.00,22.67,994778927,0,"Industrials"
"cid00195","MONICA",1.00,34.50,946533054,0,"ConsumerDiscretionary"
"cid00196","ISABELLE",1.00,28.25,905706484,0,"Energy"
"cid00197","MAKAYLA",1.00,33.17,901346339,0,"Utilities"
"cid00198","ELISA",1.00,48.17,966292073,1,"Industrials"
"cid00199","PHOENIX",1.00,27.58,949745519,0,"ConsumerStaples"
"cid00200","MIKAYLA",1.00,22.58,995511492,1,"Utilities"
"cid00201","TREY",0.00,24.08,978800941,1,"Materials"
"cid00202","ANTHONY",0.00,41.33,967062860,1,"ConsumerDiscretionary"
"cid00203","ANDERSON",1.00,24.83,967578037,1,"Energy"
"cid00204","DAHLIA",0.00,20.75,941852583,1,"Materials"
"cid00205","ELLE",1.00,36.33,981161040,0,"Industrials"
"cid00206","FOSTER",0.00,35.42,966251855,1,"Materials"
"cid00207","MEGAN",0.00,71.58,996919577,1,"Energy"
"cid00208","NORAH",1.00,28.67,965332748,1,"Materials"
"cid00209","EMMA",1.00,35.17,984221053,1,"Financials"
"cid00210","SAWYER",1.00,39.50,997046710,1,"Energy"
"cid00211","MARTIN",1.00,39.33,999413990,1,"InformationTechnology"
"cid00212","BAILEY",1.00,24.33,940858871,0,"Real Estate"
"cid00213","ELAINE",1.00,60.08,995874351,1,"Healthcare"
"cid00214","TERESA",1.00,23.08,981465786,1,"ConsumerDiscretionary"
"cid00215","EMERSYN",1.00,26.67,979147324,0,"InformationTechnology"
"cid00216","DAMON",1.00,48.17,979841271,1,"ConsumerStaples"
"cid00217","EDWIN",1.00,41.17,994227054,1,"InformationTechnology"
"cid00218","BRITTANY",1.00,55.92,964762079,1,"Healthcare"
"cid00219","REBEKAH",1.00,53.92,998656998,1,"Education"
"cid00220","CELIA",0.00,18.92,959652109,0,"Energy"
"cid00221","CHRISTIAN",0.00,50.08,906661135,1,"ConsumerStaples"
"cid00222","ESTHER",1.00,65.42,969277090,1,"Education"
"cid00223","BENEDICT",0.00,17.58,949813425,1,"ConsumerStaples"
"cid00224","CLAIRE",0.00,18.83,945172414,1,"ConsumerStaples"
"cid00225","RIVER",0.00,37.75,945446272,1,"Materials"
"cid00226","ALEXANDRIA",1.00,23.25,975335707,1,"Energy"
"cid00227","LAYLA",1.00,18.08,902197658,1,"Financials"
"cid00228","KELLY",0.00,22.50,967387817,0,"Utilities"
"cid00229","FOREST",1.00,19.67,943563314,1,"Materials"
"cid00230","CAMILLE",1.00,22.08,984962188,1,"InformationTechnology"
"cid00231","LAYTON",1.00,25.17,951548169,1,"InformationTechnology"
"cid00232","GARRETT",0.00,47.42,949087740,1,"Utilities"
"cid00233","RICHARD",1.00,33.50,902696149,1,"Utilities"
"cid00234","JOEY",1.00,27.67,950641475,1,"Industrials"
"cid00235","GENEVIEVE",0.00,58.42,979415319,1,"ConsumerDiscretionary"
"cid00236","DEREK",0.00,20.67,978884136,1,"Materials"
"cid00237","OZZY",1.00,26.17,976575724,1,"ConsumerDiscretionary"
"cid00238","WILLIAM",1.00,21.33,946009330,1,"ConsumerStaples"
"cid00239","SKYLAR",1.00,42.83,909401011,1,"Materials"
"cid00240","MALAKAI",1.00,38.17,904927328,1,"Utilities"
"cid00241","SIMONE",1.00,20.50,962261484,0,"Energy"
"cid00242","LEONA",1.00,48.25,984309584,1,"Industrials"
"cid00243","KYRA",1.00,28.33,901239514,1,"Industrials"
"cid00244","THOMAS",0.00,18.75,992852690,1,"Materials"
"cid00245","GISELLE",1.00,18.50,941122789,1,"ConsumerDiscretionary"
"cid00246","ZOE",1.00,33.17,904935226,0,"Energy"
"cid00247","ANSLEY",1.00,45.00,998202256,1,"InformationTechnology"
"cid00248","JORDAN",0.00,19.67,979253077,1,"Materials"
"cid00249","LAWSON",1.00,24.50,996238141,1,"Energy"
"cid00250","ISSAC",1.00,21.83,962359723,1,"Utilities"
"cid00251","ALEXANDRA",1.00,40.25,940925519,1,"Education"
"cid00252","WYATT",1.00,41.42,944494243,1,"Materials"
"cid00253","DOMINICK",0.00,17.83,948931370,1,"Utilities"
"cid00254","DAXTON",1.00,23.17,907532853,1,"Utilities"
"cid00255","HOPE",1.00,28.46,906566067,1,"Financials"
"cid00256","JORDYN",1.00,18.17,903953039,1,"Energy"
"cid00257","GWEN",1.00,20.00,947926081,1,"Energy"
"cid00258","OLIVE",1.00,20.00,962327199,1,"Real Estate"
"cid00259","ROSEMARY",0.00,20.75,993752783,1,"ConsumerDiscretionary"
"cid00260","HALEY",0.00,24.50,946100588,0,"Energy"
"cid00261","CARMEN",1.00,32.75,959286097,1,"Real Estate"
"cid00262","BARRETT",0.00,52.17,944527437,0,"Healthcare"
"cid00263","ELIZABETH",0.00,48.17,905565853,1,"ConsumerDiscretionary"
"cid00264","MADELEINE",0.00,20.42,950258539,0,"Utilities"
"cid00265","JAYLENE",1.00,50.75,908747106,1,"Healthcare"
"cid00266","ELLEN",1.00,17.08,969798587,0,"Energy"
"cid00267","DEREK",1.00,18.33,973183203,0,"Education"
"cid00268","ROSE",0.00,32.00,985898292,1,"Real Estate"
"cid00269","MAGDALENA",1.00,59.67,947932638,1,"Materials"
"cid00270","KADEN",1.00,18.00,905975372,1,"Materials"
"cid00271","INDIA",1.00,37.58,975190878,1,"Energy"
"cid00272","FOSTER",1.00,32.33,964753093,1,"Energy"
"cid00273","DANE",1.00,18.08,901150622,0,"CommunicationServices"
"cid00274","MARISSA",1.00,38.25,965791668,0,"Financials"
"cid00275","SAVANNAH",1.00,30.67,992422328,1,"InformationTechnology"
"cid00276","SCOUT",1.00,18.58,978738017,1,"Real Estate"
"cid00277","JOURNEY",0.00,19.17,974511630,1,"ConsumerDiscretionary"
"cid00278","KRISTOPHER",0.00,18.17,941313533,0,"Materials"
"cid00279","SOPHIA",1.00,24.58,966063783,0,"Healthcare"
"cid00280","ELISABETH",1.00,16.25,943423767,1,"CommunicationServices"
"cid00281","LEYLA",1.00,21.17,978331691,0,"Energy"
"cid00282","TATE",1.00,23.92,942437002,0,"InformationTechnology"
"cid00283","COLT",1.00,17.67,959680462,1,"Energy"
"cid00284","PHILIP",0.00,16.50,949668284,1,"Materials"
"cid00285","APRIL",1.00,23.25,992432220,1,"Energy"
"cid00286","EVANDER",1.00,17.58,905071835,1,"Industrials"
"cid00287","CAMILLA",0.00,28.46,901835806,1,"Healthcare"
"cid00288","MADDISON",1.00,29.50,977592550,1,"Industrials"
"cid00289","BARBARA",1.00,18.83,940522917,0,"Energy"
"cid00290","LORETTA",0.00,21.75,965434254,0,"Research"
"cid00291","FABIAN",1.00,23.00,950999241,1,"CommunicationServices"
"cid00292","XZAVIER",0.00,18.25,969952082,1,"Industrials"
"cid00293","DARWIN",1.00,25.42,947242085,1,"Industrials"
"cid00294","RODNEY",1.00,35.75,946423321,1,"Industrials"
"cid00295","CASSANDRA",0.00,16.08,948817300,1,"Healthcare"
"cid00296","RILEY",0.00,31.92,975194735,1,"Healthcare"
"cid00297","JAY",1.00,69.17,959794514,1,"Healthcare"
"cid00298","CASON",1.00,32.92,983586247,1,"ConsumerStaples"
"cid00299","KAILEY",1.00,16.33,941745181,1,"ConsumerStaples"
"cid00300","CALVIN",1.00,22.17,983995442,1,"Energy"
"cid00301","EMMANUEL",0.00,57.58,941079051,1,"Healthcare"
"cid00302","NIKOLAS",1.00,18.25,909626074,1,"Real Estate"
"cid00303","LOLA",1.00,23.42,996408872,1,"Energy"
"cid00304","PIERCE",0.00,15.92,975527729,1,"Materials"
"cid00305","FABIAN",0.00,24.75,909562200,1,"Materials"
"cid00306","JESSICA",1.00,48.75,984199194,0,"Healthcare"
"cid00307","AALIYAH",1.00,23.50,957571429,1,"Healthcare"
"cid00308","WALTER",1.00,18.58,983336637,1,"Healthcare"
"cid00309","DUNCAN",1.00,27.75,900042876,1,"Financials"
"cid00310","JACE",0.00,31.75,975038168,0,"Research"
"cid00311","GOLDIE",0.00,24.83,951170831,1,"Industrials"
"cid00312","CONNOR",1.00,19.00,973327084,0,"Energy"
"cid00313","ANNIKA",0.00,16.33,909277131,1,"ConsumerStaples"
"cid00314","JANE",0.00,18.58,948202682,1,"Real Estate"
"cid00315","HELENA",1.00,16.25,906053020,0,"ConsumerStaples"
"cid00316","DAX",1.00,23.00,943656779,1,"CommunicationServices"
"cid00317","NINA",1.00,21.17,945805970,0,"Energy"
"cid00318","MARLOWE",1.00,17.50,946670504,0,"Healthcare"
"cid00319","AALIYAH",1.00,19.17,957336920,0,"CommunicationServices"
"cid00320","DARWIN",1.00,36.75,980177312,0,"Energy"
"cid00321","TREY",1.00,21.25,977598899,1,"Industrials"
"cid00322","CARTER",0.00,18.08,967910393,0,"InformationTechnology"
"cid00323","SIENA",0.00,33.67,985430709,1,"InformationTechnology"
"cid00324","KEVIN",1.00,48.58,903911543,0,"Financials"
"cid00325","ALAINA",1.00,33.67,969650503,1,"Industrials"
"cid00326","CAL",0.00,29.50,981746969,0,"Utilities"
"cid00327","KHLOE",1.00,30.17,950720944,0,"Energy"
"cid00328","CAMERON",1.00,40.83,973974676,1,"ConsumerDiscretionary"
"cid00329","GLORIA",1.00,34.83,907252543,0,"Industrials"
"cid00330","ALVIN",1.00,28.46,951036813,0,"ConsumerDiscretionary"
"cid00331","LILA",1.00,20.42,962868895,1,"Energy"
"cid00332","LILLY",0.00,33.25,902123500,0,"Energy"
"cid00333","JADE",1.00,34.08,997407252,1,"Energy"
"cid00334","DAX",0.00,25.25,979283756,1,"Real Estate"
"cid00335","JASON",1.00,34.75,990924221,1,"InformationTechnology"
"cid00336","NIKOLAS",1.00,27.67,997896804,1,"Materials"
"cid00337","NIXON",1.00,47.33,969133851,1,"Energy"
"cid00338","REMINGTON",0.00,34.83,995197492,0,"ConsumerDiscretionary"
"cid00339","IRIS",0.00,33.25,975656778,0,"ConsumerStaples"
"cid00340","WILLOW",1.00,28.00,979476367,1,"Industrials"
"cid00341","TIMOTHY",0.00,39.08,949689513,1,"Energy"
"cid00342","COLEMAN",1.00,42.75,941545591,1,"ConsumerStaples"
"cid00343","NATHANIEL",1.00,26.92,995103141,1,"ConsumerDiscretionary"
"cid00344","MARGARET",1.00,33.75,903986497,1,"ConsumerDiscretionary"
"cid00345","MARIA",1.00,38.92,947852483,1,"Financials"
"cid00346","BRIANNA",1.00,62.75,978520833,1,"Education"
"cid00347","JASON",1.00,32.25,950873831,1,"Energy"
"cid00348","JEREMY",1.00,26.75,966542844,0,"Energy"
"cid00349","HECTOR",1.00,63.33,901033931,1,"Energy"
"cid00350","HARLOW",1.00,27.83,997757944,1,"Industrials"
"cid00351","ROSA",0.00,26.17,966221060,1,"Research"
"cid00352","LONDYN",1.00,22.17,983182503,0,"Healthcare"
"cid00353","NIKOLAS",1.00,22.50,904127514,0,"CommunicationServices"
"cid00354","AZALEA",1.00,30.75,976973799,1,"Real Estate"
"cid00355","ROWAN",1.00,36.67,985503648,1,"ConsumerDiscretionary"
"cid00356","PRISCILLA",0.00,16.00,907077333,1,"ConsumerStaples"
"cid00357","KORBIN",1.00,41.17,909588961,1,"Real Estate"
"cid00358","TATIANA",0.00,19.50,996230692,1,"Materials"
"cid00359","NOVA",1.00,32.42,990444158,1,"Real Estate"
"cid00360","JAYCE",0.00,36.75,983334158,1,"Healthcare"
"cid00361","MARINA",0.00,30.25,951527819,1,"Financials"
"cid00362","CLAIRE",1.00,23.08,977503881,1,"Healthcare"
"cid00363","SERENA",1.00,26.83,947859854,1,"Financials"
"cid00364","SCARLETT",1.00,16.92,942603614,0,"Financials"
"cid00365","LANCE",1.00,24.42,906948413,1,"Education"
"cid00366","IRIS",1.00,42.83,904712758,1,"CommunicationServices"
"cid00367","OLIVE",0.00,22.75,902575778,1,"ConsumerStaples"
"cid00368","LEXI",1.00,39.42,962471215,0,"CommunicationServices"
"cid00369","TORI",0.00,23.58,981919895,0,"Financials"
"cid00370","INDIGO",1.00,21.42,965570640,0,"Transport"
"cid00371","TANNER",1.00,33.00,941931784,0,"Industrials"
"cid00372","LIVIA",1.00,26.33,997805235,1,"Education"
"cid00373","ELAINE",0.00,45.00,945300016,1,"Financials"
"cid00374","NICHOLAS",1.00,26.25,901251418,1,"Industrials"
"cid00375","HARPER",1.00,28.17,903367337,1,"ConsumerStaples"
"cid00376","LENNON",0.00,20.83,949708777,0,"Education"
"cid00377","VIVIAN",1.00,28.67,997067313,1,"Real Estate"
"cid00378","GARY",1.00,20.67,981765357,0,"Energy"
"cid00379","LUELLA",1.00,34.42,995224510,1,"ConsumerDiscretionary"
"cid00380","MARILYN",1.00,33.58,966261371,1,"ConsumerDiscretionary"
"cid00381","MYRA",1.00,43.17,979300498,1,"ConsumerDiscretionary"
"cid00382","SHAWN",0.00,22.67,996160441,1,"Energy"
"cid00383","RYLIE",0.00,24.33,946884156,0,"ConsumerDiscretionary"
"cid00384","WREN",0.00,56.83,900798308,0,"Healthcare"
"cid00385","DAVINA",1.00,22.08,900876913,1,"Financials"
"cid00386","JESSA",1.00,34.00,983108399,0,"Energy"
"cid00387","COOPER",1.00,22.58,959379640,0,"ConsumerStaples"
"cid00388","REED",1.00,21.17,904533481,1,"Energy"
"cid00389","ALLYSON",1.00,26.67,993834559,1,"ConsumerDiscretionary"
"cid00390","ISABEL",1.00,22.92,993549454,1,"CommunicationServices"
"cid00391","BILLIE",1.00,15.17,983309678,1,"Education"
"cid00392","BLAZE",1.00,39.92,944317935,1,"ConsumerDiscretionary"
"cid00393","EDISON",1.00,27.42,905481266,1,"ConsumerStaples"
"cid00394","LIAM",1.00,24.75,973254075,1,"CommunicationServices"
"cid00395","MAGDALENA",1.00,41.17,979195720,0,"Industrials"
"cid00396","NATALIE",0.00,33.08,985703440,1,"Real Estate"
"cid00397","TATIANA",1.00,29.83,974117835,0,"Utilities"
"cid00398","DEVIN",0.00,23.58,992319633,0,"Healthcare"
"cid00399","BECKETT",1.00,26.17,996151625,0,"Financials"
"cid00400","ERIK",1.00,31.00,991171304,1,"Energy"
"cid00401","TY",1.00,20.75,994532158,0,"Research"
"cid00402","COHEN",1.00,28.92,945062640,1,"Energy"
"cid00403","OSCAR",0.00,51.92,976823074,1,"ConsumerDiscretionary"
"cid00404","ANNE",0.00,22.67,966113335,1,"Materials"
"cid00405","ADELE",1.00,34.00,941866020,0,"ConsumerDiscretionary"
"cid00406","JAYLEE",0.00,69.50,966222601,1,"Healthcare"
"cid00407","CALEB",0.00,40.33,978118217,0,"Financials"
"cid00408","STEVIE",0.00,19.58,942459658,0,"Energy"
"cid00409","ZANE",1.00,16.00,948466692,1,"Industrials"
"cid00410","BREANNA",1.00,17.08,992555408,1,"Materials"
"cid00411","ADAM",1.00,31.25,946835926,1,"Healthcare"
"cid00412","BISHOP",1.00,25.17,950944548,1,"Energy"
"cid00413","GARRETT",0.00,22.67,902126498,1,"ConsumerDiscretionary"
"cid00414","JASMINE",1.00,40.58,979253019,1,"ConsumerDiscretionary"
"cid00415","COLTON",1.00,22.25,951077040,1,"Financials"
"cid00416","BRIDGET",0.00,22.25,903286900,0,"Healthcare"
"cid00417","MILO",1.00,22.50,993390087,0,"Financials"
"cid00418","ELIANA",1.00,23.58,978458543,1,"Energy"
"cid00419","ANDERSON",1.00,38.42,905300821,1,"Energy"
"cid00420","ZAVIER",0.00,26.58,948079909,0,"Healthcare"
"cid00421","ADELAIDE",1.00,35.00,903705887,1,"ConsumerDiscretionary"
"cid00422","JAZLYN",1.00,20.42,974325521,1,"Materials"
"cid00423","FORD",1.00,29.42,998108264,1,"Industrials"
"cid00424","PENNY",1.00,26.17,950861377,1,"InformationTechnology"
"cid00425","ARIELLA",1.00,33.67,993793146,1,"Energy"
"cid00426","AZALEA",1.00,24.58,908208148,1,"Energy"
"cid00427","MARIAH",0.00,27.67,969269816,1,"Industrials"
"cid00428","LEROY",1.00,37.50,997516286,1,"Education"
"cid00429","ISSAC",1.00,49.17,908659173,1,"Healthcare"
"cid00430","JOYCE",1.00,33.58,947769817,0,"InformationTechnology"
"cid00431","LEXI",1.00,51.83,998677992,0,"Healthcare"
"cid00432","LAURA",1.00,22.92,950703364,0,"Energy"
"cid00433","JENNA",1.00,21.83,969958231,1,"Financials"
"cid00434","JARED",1.00,25.25,995096698,1,"ConsumerStaples"
"cid00435","JARED",1.00,58.58,975099867,1,"Energy"
"cid00436","AMELIA",1.00,19.00,951902490,0,"Healthcare"
"cid00437","PENELOPE",1.00,19.58,959879938,1,"Healthcare"
"cid00438","VAN",0.00,53.33,996893449,1,"Healthcare"
"cid00439","MAYA",0.00,27.17,994918813,1,"Healthcare"
"cid00440","ROSELYN",1.00,25.92,941364838,1,"Financials"
"cid00441","CONRAD",1.00,23.08,944092693,1,"Financials"
"cid00442","TREY",1.00,39.58,973831601,1,"Healthcare"
"cid00443","JESSA",1.00,30.58,993323569,0,"CommunicationServices"
"cid00444","DELANEY",1.00,17.25,945412866,1,"Financials"
"cid00445","KIARA",0.00,17.67,993654271,0,"Research"
"cid00446","BREANNA",0.00,28.46,951811242,1,"Healthcare"
"cid00447","MARSHALL",1.00,16.50,980670836,1,"Energy"
"cid00448","SAMARA",0.00,27.33,959763107,1,"Healthcare"
"cid00449","ANNIE",1.00,31.25,905091475,1,"Healthcare"
"cid00450","JULIUS",1.00,20.00,908187765,1,"Energy"
"cid00451","AYDEN",1.00,28.46,967307650,0,"ConsumerDiscretionary"
"cid00452","AIDEN",1.00,39.50,979892899,1,"Energy"
"cid00453","DYLAN",1.00,36.50,992597146,1,"Materials"
"cid00454","EDISON",1.00,29.75,969401649,1,"Industrials"
"cid00455","ADALYNN",1.00,52.42,940166393,1,"Real Estate"
"cid00456","RYDER",1.00,36.17,947158523,1,"Industrials"
"cid00457","BEN",1.00,34.58,941002770,1,"Energy"
"cid00458","MAXWELL",1.00,29.67,976304573,0,"Energy"
"cid00459","TUCKER",1.00,36.17,973170763,1,"ConsumerDiscretionary"
"cid00460","ANNABELLE",1.00,25.67,964293570,0,"Energy"
"cid00461","CONNOR",0.00,24.50,905024249,0,"Energy"
"cid00462","JOCELYN",1.00,24.08,943553944,1,"CommunicationServices"
"cid00463","TATUM",1.00,21.92,981783845,1,"Energy"
"cid00464","CRYSTAL",0.00,36.58,903964065,1,"Healthcare"
"cid00465","NASH",0.00,23.00,985005225,1,"Research"
"cid00466","NORA",0.00,27.58,943187752,1,"CommunicationServices"
"cid00467","KASH",1.00,31.08,942353534,1,"Energy"
"cid00468","VERONICA",0.00,30.42,947905983,1,"Industrials"
"cid00469","GORDON",1.00,22.08,985011520,1,"Financials"
"cid00470","LAWRENCE",1.00,16.33,993861977,1,"ConsumerDiscretionary"
"cid00471","BISHOP",0.00,21.92,976716097,1,"Financials"
"cid00472","GRANT",1.00,21.08,943630313,0,"ConsumerDiscretionary"
"cid00473","CHRISTINA",1.00,17.42,908553889,1,"ConsumerDiscretionary"
"cid00474","CHARLEE",1.00,19.17,977997146,0,"ConsumerDiscretionary"
"cid00475","WILLA",1.00,20.67,948716367,1,"Energy"
"cid00476","MAXINE",1.00,26.75,979640669,1,"Real Estate"
"cid00477","BRAYDEN",1.00,23.58,966490506,1,"ConsumerDiscretionary"
"cid00478","ALFRED",1.00,39.17,942519440,0,"ConsumerDiscretionary"
"cid00479","JADE",1.00,22.75,973105940,1,"ConsumerDiscretionary"
"cid00480","CALLAHAN",1.00,26.50,942351345,0,"Energy"
"cid00481","ROLAND",0.00,16.92,973532208,1,"ConsumerDiscretionary"
"cid00482","IRIS",1.00,23.50,991158686,0,"Financials"
"cid00483","JEFFREY",0.00,17.33,991893356,1,"ConsumerStaples"
"cid00484","ALYSON",1.00,23.75,974366177,0,"Energy"
"cid00485","MILLIE",1.00,34.67,975997211,1,"CommunicationServices"
"cid00486","HENRY",1.00,74.83,966628290,0,"Healthcare"
"cid00487","NICKOLAS",1.00,28.17,903512788,0,"Financials"
"cid00488","JASON",1.00,24.50,993617697,0,"ConsumerStaples"
"cid00489","LUCIA",1.00,18.83,945396307,0,"Healthcare"
"cid00490","TATUM",1.00,45.33,977000287,1,"Materials"
"cid00491","GRAYSON",0.00,47.25,996398648,1,"Materials"
"cid00492","KYLIE",1.00,24.17,992555193,1,"Materials"
"cid00493","SHANE",1.00,39.25,975759953,1,"CommunicationServices"
"cid00494","TREVOR",0.00,20.50,992776549,1,"Energy"
"cid00495","BAILEE",0.00,18.83,994198903,0,"Energy"
"cid00496","RYAN",1.00,19.17,908790459,1,"Industrials"
"cid00497","DANICA",0.00,25.00,991374780,1,"Utilities"
"cid00498","ALANA",1.00,20.17,981385772,1,"Energy"
"cid00499","MELODY",1.00,25.75,901484139,1,"Energy"
"cid00500","HARLOW",1.00,20.42,983728127,1,"Energy"
"cid00501","ROSA",1.00,28.46,908166440,1,"Utilities"
"cid00502","JAIME",1.00,39.00,908009186,1,"InformationTechnology"
"cid00503","ROSALYN",0.00,64.08,900492266,1,"Healthcare"
"cid00504","ZAVIER",1.00,28.25,946769563,1,"Utilities"
"cid00505","BRIDGET",0.00,28.75,997269994,1,"Energy"
"cid00506","KATE",1.00,31.33,943418514,1,"Energy"
"cid00507","FABIAN",0.00,18.92,974201935,1,"ConsumerStaples"
"cid00508","JARED",0.00,24.75,969010727,1,"Materials"
"cid00509","EMMELINE",0.00,30.67,997519522,1,"Energy"
"cid00510","CHRISTINA",1.00,21.00,901982729,0,"Industrials"
"cid00511","AUGUST",1.00,13.75,979301576,0,"Industrials"
"cid00512","CAL",0.00,46.00,942365654,1,"Research"
"cid00513","KENDRICK",0.00,44.33,944958343,1,"Energy"
"cid00514","FREDERICK",1.00,20.25,943381174,1,"Education"
"cid00515","LAYNE",1.00,22.67,994398092,0,"Energy"
"cid00516","LORETTA",1.00,28.46,974577394,1,"Utilities"
"cid00517","MAE",0.00,60.92,969146403,1,"ConsumerStaples"
"cid00518","SIMONE",1.00,16.08,949725452,1,"Energy"
"cid00519","SANDRA",0.00,28.17,974457780,1,"Materials"
"cid00520","HELENA",1.00,39.17,975742185,1,"Utilities"
"cid00521","ABRAM",1.00,20.42,991427091,1,"Financials"
"cid00522","JADA",0.00,30.00,959959503,1,"Education"
"cid00523","CAMRON",1.00,22.83,945158903,1,"CommunicationServices"
"cid00524","MADISYN",0.00,22.50,966919052,1,"Materials"
"cid00525","KASSIDY",0.00,28.58,992495038,1,"Materials"
"cid00526","ANNABEL",1.00,45.17,947679100,1,"Energy"
"cid00527","CHARLEY",1.00,41.58,951667890,1,"Financials"
"cid00528","BRENNA",0.00,57.08,979014353,1,"ConsumerDiscretionary"
"cid00529","ESTELLE",0.00,55.75,974771517,1,"Financials"
"cid00530","QUENTIN",1.00,43.25,967386196,1,"Materials"
"cid00531","CARTER",0.00,25.33,993801832,1,"Energy"
"cid00532","CAMRYN",0.00,24.58,999116800,1,"ConsumerStaples"
"cid00533","REED",1.00,43.17,948781132,1,"ConsumerDiscretionary"
"cid00534","JESSIE",1.00,40.92,977976675,1,"Healthcare"
"cid00535","BRENNAN",1.00,31.83,973497177,1,"ConsumerStaples"
"cid00536","WAYNE",0.00,33.92,996123542,0,"Healthcare"
"cid00537","CHAD",0.00,24.92,973455608,1,"Healthcare"
"cid00538","GREGORY",1.00,35.25,903436198,1,"Utilities"
"cid00539","CHANNING",1.00,34.25,907871756,1,"Industrials"
"cid00540","RICKY",1.00,80.25,973351713,1,"Energy"
"cid00541","KORI",1.00,19.42,967883529,0,"InformationTechnology"
"cid00542","NIA",1.00,42.75,964851896,1,"ConsumerDiscretionary"
"cid00543","CONNER",1.00,19.67,950724272,0,"Financials"
"cid00544","SAM",1.00,36.33,945552752,1,"Industrials"
"cid00545","JOELLE",1.00,30.08,978471712,0,"ConsumerDiscretionary"
"cid00546","MICAH",1.00,44.25,995341810,0,"Real Estate"
"cid00547","WAYNE",1.00,23.58,973141349,0,"Industrials"
"cid00548","BRENNA",1.00,23.92,947637132,1,"Real Estate"
"cid00549","ERICA",1.00,33.17,947985430,1,"Utilities"
"cid00550","SUSAN",1.00,48.33,909471161,1,"CommunicationServices"
"cid00551","ALBERT",1.00,76.75,965784932,1,"Education"
"cid00552","LYLE",1.00,51.33,903751908,1,"ConsumerDiscretionary"
"cid00553","COREY",1.00,34.75,962172905,1,"Transport"
"cid00554","LARRY",1.00,38.58,949412093,1,"Industrials"
"cid00555","ALEXIA",0.00,22.42,969505246,0,"Utilities"
"cid00556","ZOLA",1.00,41.92,959424222,1,"Energy"
"cid00557","HUGH",1.00,29.58,951895437,1,"Industrials"
"cid00558","ETTA",0.00,32.17,957117440,1,"Industrials"
"cid00559","MAJOR",1.00,51.42,942352774,1,"Utilities"
"cid00560","FABIAN",0.00,22.83,990716314,1,"Materials"
"cid00561","MELVIN",0.00,25.00,976444614,1,"InformationTechnology"
"cid00562","WES",1.00,26.75,992100739,1,"Utilities"
"cid00563","AZALEA",1.00,23.33,909110661,1,"Energy"
"cid00564","PRISCILLA",1.00,24.42,904666786,1,"Materials"
"cid00565","BILLIE",1.00,42.17,905358634,1,"Materials"
"cid00566","TARA",0.00,20.83,969443742,1,"ConsumerStaples"
"cid00567","RUDY",1.00,23.08,990868391,1,"Industrials"
"cid00568","LEANNA",0.00,25.17,959286158,1,"Utilities"
"cid00569","HAYLEY",1.00,43.08,984096205,0,"Energy"
"cid00570","SABRINA",0.00,35.75,905292979,1,"ConsumerStaples"
"cid00571","AUBRIE",1.00,59.50,977150225,1,"Industrials"
"cid00572","RANDY",1.00,21.00,991181449,0,"Real Estate"
"cid00573","CLOVER",1.00,21.92,995816344,0,"Utilities"
"cid00574","ELISA",0.00,65.17,990445836,1,"Healthcare"
"cid00575","MILEY",0.00,20.33,999630097,1,"Energy"
"cid00576","SKYE",1.00,32.25,979296031,0,"Energy"
"cid00577","LAURYN",1.00,30.17,959863804,1,"Energy"
"cid00578","JACQUELINE",1.00,25.17,973012879,1,"Energy"
"cid00579","MELVIN",1.00,39.17,981541594,1,"Energy"
"cid00580","LEXIE",1.00,39.08,964107202,1,"CommunicationServices"
"cid00581","KASEN",1.00,31.67,993841652,1,"Utilities"
"cid00582","AMOS",1.00,41.00,981629383,1,"Education"
"cid00583","DEBORAH",1.00,48.50,991391938,1,"CommunicationServices"
"cid00584","ROSALYN",1.00,32.67,902689219,0,"Industrials"
"cid00585","SYLVIA",0.00,28.08,941686391,0,"Education"
"cid00586","ZAVIER",1.00,73.42,946849141,1,"Healthcare"
"cid00587","EMMALINE",1.00,64.08,995107426,1,"Utilities"
"cid00588","DARWIN",1.00,51.58,951604210,1,"Energy"
"cid00589","KYRA",1.00,26.67,965782455,0,"Energy"
"cid00590","KIERAN",1.00,25.33,900490119,1,"Energy"
"cid00591","RICKY",1.00,30.17,967947595,1,"InformationTechnology"
"cid00592","REBEKAH",1.00,27.00,943218752,1,"Energy"
"cid00593","KAMRYN",1.00,23.17,904037215,1,"Energy"
"cid00594","LIVIA",1.00,34.17,984462623,1,"Industrials"
"cid00595","LIONEL",1.00,38.67,957907105,1,"Financials"
"cid00596","MEGHAN",1.00,25.75,990488863,1,"Energy"
"cid00597","GORDON",0.00,46.08,941512247,1,"Energy"
"cid00598","SKY",0.00,21.50,901830915,1,"ConsumerStaples"
"cid00599","DYLAN",1.00,20.08,957413272,1,"Materials"
"cid00600","KAYDENCE",1.00,20.50,974894195,1,"Energy"
"cid00601","ESMERALDA",0.00,29.50,906619488,1,"Financials"
"cid00602","CLOVER",1.00,42.25,957747430,0,"Energy"
"cid00603","TY",1.00,29.83,957287646,0,"Financials"
"cid00604","HARRY",1.00,20.08,909750281,1,"Materials"
"cid00605","KAYLIE",1.00,23.42,900482459,1,"Energy"
"cid00606","CHRIS",0.00,29.58,993944520,0,"Financials"
"cid00607","LENNON",1.00,16.17,941662192,1,"Energy"
"cid00608","NOAH",1.00,32.33,983642935,1,"Financials"
"cid00609","DOROTHY",1.00,28.46,945044824,0,"Real Estate"
"cid00610","EMILEE",1.00,47.83,941496745,1,"Utilities"
"cid00611","DANICA",1.00,20.00,901570358,0,"Financials"
"cid00612","MITCHELL",1.00,27.58,965062124,0,"Materials"
"cid00613","MINA",1.00,22.00,999817285,1,"Industrials"
"cid00614","DALLAS",1.00,19.33,966893190,1,"Energy"
"cid00615","ERIN",0.00,38.33,983576644,1,"Energy"
"cid00616","KELSEY",1.00,29.42,978420236,1,"Energy"
"cid00617","CASEY",1.00,22.67,962237353,1,"ConsumerDiscretionary"
"cid00618","BRYANT",1.00,32.25,950562845,0,"Healthcare"
"cid00619","CLARK",1.00,29.58,945211382,1,"CommunicationServices"
"cid00620","JOHNATHAN",1.00,18.42,940992658,0,"ConsumerStaples"
"cid00621","ADRIANNA",1.00,22.17,984644850,1,"ConsumerDiscretionary"
"cid00622","KAYDENCE",1.00,22.67,944203023,1,"Energy"
"cid00623","ADEN",0.00,25.58,966902241,1,"Energy"
"cid00624","ASHLYNN",1.00,18.83,901933148,1,"Materials"
"cid00625","CASON",1.00,21.58,990965769,0,"InformationTechnology"
"cid00626","CRYSTAL",1.00,23.75,966792209,1,"Energy"
"cid00627","HARLAN",1.00,22.00,974736807,0,"ConsumerDiscretionary"
"cid00628","ELLIOT",1.00,36.08,981787705,1,"Healthcare"
"cid00629","EILEEN",1.00,29.25,985234208,1,"Real Estate"
"cid00630","ALANNA",0.00,19.58,941507638,1,"Industrials"
"cid00631","JAYDA",0.00,22.92,967402887,1,"Materials"
"cid00632","REUBEN",0.00,27.25,974838487,1,"CommunicationServices"
"cid00633","DAVIS",0.00,38.75,945058604,1,"Healthcare"
"cid00634","LUCIAN",1.00,32.42,945895992,0,"Financials"
"cid00635","MATILDA",0.00,23.75,942549463,1,"Industrials"
"cid00636","GERALD",1.00,18.17,969393552,1,"Energy"
"cid00637","DRAKE",1.00,40.92,909941546,0,"CommunicationServices"
"cid00638","PORTER",1.00,19.50,977670909,1,"ConsumerStaples"
"cid00639","RODNEY",1.00,28.58,974184048,1,"ConsumerStaples"
"cid00640","NIA",1.00,35.58,996160243,1,"Financials"
"cid00641","ROYAL",1.00,34.17,944256690,1,"ConsumerDiscretionary"
"cid00642","SKY",1.00,33.17,907438562,0,"InformationTechnology"
"cid00643","CONOR",1.00,31.58,946498384,0,"ConsumerStaples"
"cid00644","KIAN",0.00,52.50,994308131,1,"ConsumerStaples"
"cid00645","CHANEL",1.00,36.17,946749442,0,"Industrials"
"cid00646","MELINA",1.00,37.33,975097890,1,"InformationTechnology"
"cid00647","MEREDITH",0.00,20.83,983695675,1,"Energy"
"cid00648","ROCKY",1.00,24.08,907203207,1,"ConsumerStaples"
"cid00649","JEMMA",1.00,25.58,944104294,1,"Financials"
"cid00650","PAISLEE",0.00,35.17,983237425,1,"Healthcare"
"cid00651","ANGELICA",1.00,48.08,945656296,1,"ConsumerDiscretionary"
"cid00652","MARIANNA",0.00,15.83,906176941,1,"Materials"
"cid00653","HEAVEN",0.00,22.50,969578352,1,"ConsumerDiscretionary"
"cid00654","REUBEN",1.00,21.50,947103188,1,"ConsumerDiscretionary"
"cid00655","MALEAH",0.00,23.58,999802748,1,"Materials"
"cid00656","BARBARA",0.00,21.08,973736762,0,"Healthcare"
"cid00657","LIZBETH",1.00,25.67,993949102,1,"Energy"
"cid00658","PEARL",0.00,38.92,977347113,1,"ConsumerStaples"
"cid00659","SHELBY",0.00,15.75,944106963,1,"Energy"
"cid00660","HARVEY",0.00,28.58,906589097,1,"Energy"
"cid00661","JEMMA",1.00,22.25,962571220,1,"ConsumerStaples"
"cid00662","LEXI",1.00,29.83,909970322,1,"Energy"
"cid00663","TATIANA",0.00,23.50,941456893,1,"Industrials"
"cid00664","HARVEY",1.00,32.08,906206680,0,"InformationTechnology"
"cid00665","RAVEN",1.00,31.08,940523368,0,"Industrials"
"cid00666","COLBY",1.00,31.83,901930815,0,"CommunicationServices"
"cid00667","SABRINA",0.00,21.75,996112149,1,"Energy"
"cid00668","MARIE",0.00,17.92,900759853,1,"Energy"
"cid00669","KEEGAN",1.00,30.33,979165764,1,"Real Estate"
"cid00670","DONOVAN",1.00,51.83,990235994,0,"Healthcare"
"cid00671","LAYNE",1.00,47.17,977332902,1,"Industrials"
"cid00672","ANNE",1.00,25.83,904707500,1,"InformationTechnology"
"cid00673","KOLE",0.00,50.25,901040441,1,"ConsumerStaples"
"cid00674","JESSICA",1.00,29.50,964111740,0,"Education"
"cid00675","DOUGLAS",0.00,37.33,944168771,1,"ConsumerDiscretionary"
"cid00676","EDDIE",0.00,41.58,995679320,1,"ConsumerStaples"
"cid00677","MARLEE",0.00,30.58,950187781,1,"Materials"
"cid00678","INDIE",1.00,19.42,945803676,1,"CommunicationServices"
"cid00679","LEXIE",0.00,17.92,947773252,1,"Healthcare"
"cid00680","RAY",0.00,20.08,979581896,1,"Energy"
"cid00681","KEITH",1.00,19.50,997861270,1,"Financials"
"cid00682","MEGAN",1.00,27.83,983112775,0,"Real Estate"
"cid00683","HUGO",1.00,17.08,965671462,1,"ConsumerDiscretionary"
"cid00684","MIRANDA",1.00,36.42,941488877,0,"Real Estate"
"cid00685","LEYLA",1.00,40.58,905281151,1,"CommunicationServices"
"cid00686","ERIKA",1.00,21.08,944108212,0,"Education"
"cid00687","SASHA",0.00,22.67,962237382,1,"Energy"
"cid00688","ALEXA",0.00,25.25,945134352,0,"Healthcare"
"cid00689","GABRIELLE",1.00,17.92,992969242,1,"ConsumerStaples"
"cid00690","DALTON",1.00,35.00,979924970,1,"Energy"
